飢,人に飢え用もないのにコンビニで鎮痛剤を買う午前2時,私たち飢えていたんだろうね手を繋いでずっとしりとりをした,「こんにちは、はたらけ」という名の場所で飢えをはじめて意識している,あをぞらに飢えたるきみの気まぐれに雨宿りするわたしのからだ,飢えている体で醤油を飲むたびに明日の醤油の味を思った,路地裏で飢えた吾と猫鉢合わす少し身の付く鮭の皮あり,くじらより大きくなった胃袋でいくら食べてもきみが足りない,愛情に飢えた獣はコンビニで万札出して釣り銭もらう,2時間目 日本史 天保の飢饉 そんなことよりお腹すいたな,むらさめの愛に飢えたる妹が私のために手折るたんぽぽ,耳たぶをやさしくはめば満たされて飢えてたことにあとから気づく,睡眠に飢えているのに胃袋へ届けてしまう黒いコーヒー,めつきりとGigaの減つてる月末に飢餓をかんじてすこしひもじい,貧困の広告尻目に廃棄する 賞味期限が2分過ぎたから,二の腕を測られたことのない子等がお腹すいたとお菓子をねだる,飢餓よりも飢餓感のある日本には逆恨みによる通り魔がある,飢え死んだ蛙に両手合わせてる天使のことをずっと見ていた,アフリカの戦乱の地に飢ゑし子の目はあてもなき空をさまよふ,軒下のツバメの子らは懸命に自らの飢えを口々に叫ぶ,愛に飢えアイウエオンナと自虐ったって空は高いぞ真っ直ぐ生きよう,飢えていることが大切穏やかな暮らしの中でまだ光る夢,恵まれて美味しいばかり食べれても人はそれなり飢えも感じる,ハーゲンダッツ飲み込んですぐに戻せればもいちどイチゴの味だと姉は,飢えきった肉体御して大脳はオフィスの夜更けにランナーズハイ,深夜2時飢餓感のない口内も寂しくてついパンを押し込む,簡単にパンツは脱がず一輪の花をあげなさい飢えた人には,新緑や鳥かしましく健やかに飢え満たしゆく朝の公園,,飢えた子の写真展示を見た後で行くバイキングへいわなにほん
植,右耳にうたを吹き込むすこしだけわたしを移植してゆくやうに,荒れ果てた心にバラを植えましょう 優雅に生きることが復讐,陽だまりに植えた覚えのない花をていねいに抜く母の箱庭,大勢が行方不明になった家でせっせと桜の木を植えるひと,,植木鉢のなかで暮らしているような行き場のなさと今日の重力,向日葵に似ている人を好きになり深夜に開く植物図鑑,仕事から帰った母は家中の植物たちに「ただいま」を言う,すみません、今日の飲み会遠慮します、植物たちとの会話があるので。,気に入った植木ばさみを手に入れて切ってみたくて盆栽を買う,私たちふたりで愛を注いでたトマトがぽとりと落ちる夕暮れ,ベランダの鉢植えを這うカタツムリ    もうどのくらい迷子でいるの,はつなつの植物図鑑に茄子みのり漬物のことを考えている,誤植だと信じたかった旧姓と名簿に書かれた君の名前,庭隅にあんずの苗を植えた日のいま思い出はまろやかになる,あの夜の誤植にされた言の葉がまだ手のひらで息をしている,炊きたての匂いがはこぶ幸せや明日のからだが田に植わってる,常識を植えつけている何度でもただしく持たすキャラクター箸,植物が好きな人には悪人はいないと思う  あんな奴でも,許すことを覚えたけれど植物のようにさみしい自己愛だった,無駄口を叩かずひたすらマイペースな植物たちと深い仲です,母はいつ植ゑたのだらう芳しきキウイの花のいま盛りなり,植物が心の栄養になるらしい買ったサボテン窓際に置く,髭を地に植えて林を広めゆく荒ぶる神のスサノオノミコト,夢で会うあの子は僕に許可取らず心にサボテン植えちゃったらしい,名に惹かれ庭に植えたる紫陽花の「ダンスパーティー」始まりのとき,魔王城攻略のキー入り口の青の紫陽花鉢植えの下,おのづから蒔かぬ嘆きの種だにも憂世の植ゑていかに住めとや,出番待つ緑のお顔アマガエル田植え近づく里山の声,もう誰もいない庭にも紫陽花が咲きます貴方の植えた通りに,植込に捨てられた紙はくしゃくしゃで  もとはパルプで大樹であった,植物の方が好きだと言う君が遠い目をして水をやる花,梅雨まえの顎アジサイの白き花植え込みに咲き夜目にうごめく,ヒトよりも確かな生を植物は見せて散りゆくとくに春には,植え込みのつつじも花終え桜葉より垣間見る梅雨の雲の郷愁,寄せ植えをひとつせっせとこしらえて声を聴こうとする薄曇り,暑くなりスイートピーも枯れました朝顔君が植え替え待ちです,また一本名もなき苗木植えるたび「地球」が「地球」じゃなくなっていく
カタツムリ,かたつむりに悪口を言うきょうおれが上司に言われたやつをそのまま,やんわりと断るすべも知らないで待ち合わせへと往く蝸牛,でで虫を雨に返してゆっくりでいいよと戻るわが病室へ,かたつむりに塩をかけたる無邪気さで離婚しようと微笑む君は,カタツムリのため息のように少しだけ不平をつぶやき作業着を着る,‪雨を編み葉を縫い合わすカタツムリ内職している紫陽花の陰‬,永遠に暮れてくような夕闇よ  カタツムリたる速度ですすめ,紫陽花に落ちる雫を受け止めたカタツムリだけ見えるきらめき,水無月の終わる頃には殻だけを証明として去るカタツムリ,アンダンテ  でんでんむしはそう言って歩く速さで道のりをゆく,‪話せずに本の貸し借り続いてる2人の距離はカタツムリの恋‬,雑巾は絞りきれずに蝸牛の足跡みたいに未練を残す,食用のカタツムリ無理無理無理と言いつつ箸でつついてつつく,カタツムリ殻は体の一部だと話す貴方を懐かしむ梅雨,わたしには眩しすぎますはつなつのひかりも君も膜ごしに見る,かたつむり歩いた跡だ、てかてかに夜のアスファルトひかりが続く,少しずつ少しずつでもカタツムリ夢へと向かう君のようだね,雨空に降り立ったのだ 紫陽花の毒を食めども梅雨に生きよう,雨の日を選んできみが踏んづけたかたつむりこそぼくなのでした,さみしさに家の壁這ふかたつむり引き剥がしゆく子どもの我と,カタツムリ触れなくなりこれからはどんな命を救っていこうか,背負い込んだ悩みを取り去ってあげたら死んでしまった君はカタツムリ,長靴で踏めばくしゃりと音をたて狂気の味に酔いしれる子ら,この傘に入らないかいカタツムリ 虹のあしあと途切れた僕の,蝸牛お家なくして塩振られ無邪気に摘んだ子どもは生きる,何らかの化石の役でカタツムリ園児のままごと強制参加,ぼんやりとコンクリートの壁を背に凭れる私はいまカタツムリ,肺呼吸って知ってたかカタツムリ水中避けて生き延びていく,小雨降り紫陽花の青鮮やかにカタツムリの恋写すキャンバス,目的のところまで這うカタツムリきみのペースのコツが知りたい,背にシェルターがある安心感が欲しいカタツムリへの嫉妬渦巻く,,いつの間にここから去ったカタツムリ また空いている傘の右側,紫陽花のかたつむりをばうらやまし痴漢に遭いし独りの夜に
腰痛,腰痛を忘れて祖母はとびきりの飛行機雲を目で追っている,３度目のぎっくり腰はオフィスにて重要書類もつ刹那来ぬ,どこがどう痛いか上手く言えなくてあなたを好きな理由みたいに,トントンと叩いた腰から出た星が冗談ぬきでとても真顔だ,懐メロか新曲なのか分からない有線に似た腰痛持てり,初めての腰痛すらも愛しいと撫でるお腹の中からお返事,恋ならば胸にギックリなら腰にわれに流れる電流のある,腰痛が雨に溶けゆき薄くなる僕はあなたの奥を求めた,石油王ならば油田を差し出して乞うほどぎっくりしちゃってる腰,我が娘引っ越し手伝い荷を運び帰りに貰った腰痛お土産,君という未知の惑星探索し塔を見つけた罰が腰痛,しなやかな腰を下ろして微動だせずトノサマガエル腰痛はなし,君の手のぬくもりが肌に溶け込んで腰の痛みも流れる五月雨,これが夢だったんですか腰痛で彼女に湿布貼ってもらうの,ひとりでは腰の湿布が貼れなくて写真のきみは笑ってゐる,よっこいしょ大地の恵み届いてね日々の腰痛日々の勲章,腰痛がつらくて車椅子を立った進める道は前にしかない,腰痛のツボでも押してると思いたい自分の胸を揉んでるおじさん,腰痛のひとりを思ふ水平に枝をかかげて門飾る松,フィレオフィッシュを当てていくような沈みかたでかたちになる椅子,19歳、美しかった年なのに腰痛、胃痛、歯痛、頭痛が,腰痛に悩む父母 その子たるわが身もやはり腰痛持ちで
起,まだ起きているひとたちのさみしさのゆっくり流れてゆく川にいる,頻繁に起きる事件としてきみのソフトクリーム崩落がある,起き抜けに飲む水ほどに染みわたる言葉をもらう 朝はすぐそこ,前世では男であった 夢で得た勃起のあまりにあまりにリアル,風のあとエノコログサは起き上がる  退職すると今日こそ告げん,特急の座席でふいに揺り起こされたいささやかれたい「海だよ」,少しだけ君より早く起き出して静かに寝顔を観察している,雨粒の起点はどこか目に見えていることなんてほんの一部だ,靴を脱ぎできそこないのおきあがりこぼしのようになる午後十時,ハロワにて無言の再会退職し起業しますと言ってた部下と,窓むこう寄す波の音を聞きながら起きてるよ、起きてるよって言う,明日には紫陽花の咲く心地して起きるのを待つ気分で眠る,明け方の揺れにとび起きそのままに満員電車でまた揺れている,とほくからわたくしを呼ぶこゑのして夢のさなかのからだを起こす,起きてすぐ抱きつくクマのぬいぐるみいつも泣きそうな顔をしている,真夜中に起こしにやってくる君は夢の中だけとても優しい,いつまでも一人の人を胸に持つけっ起集会一人で開く,月曜日、雨 憂鬱を経たのちに起き上がり小法師になっている朝,起きてすぐ浴びるシャワーで真夜中に起こったバグは修正できる,起訴状：私は思考の八割をあなたによって失いました,午後五時のチャイムでそれは起動してきみの手を取る夕焼け小焼け,携帯のアラームだけがきびきびと繰り返されて起きない息子,七転び八起きの文字のいつしらに入れ替わりたる七転八倒,超巨大クマ型ロボを起動させパックのイチゴのお使い頼む,寝て起きて歯を磨いたら今日もまた色んな人生に逢いに行く,二度寝する朝の病棟  検温の看護士さんに起こされたくて,そんなにも僕が嫌いか 起き上がり小法師も赤ベコも動かない,猫の鼻湿ったキスは「ねえ起きて」乾いたキスは「ご飯ちょうだい」,「起立気をつけ礼」なんてたまにしか言わないのだし支配欲満たして,起立・礼・着席をするマッチ棒  そんなシュールな動画のように,「子育てがしやすい国を目指します！」号泣しつつ赤子が起きる,起承転結が決まらないいつもぐだぐだなまま眠りに落ちる,,寝て起きて寝て起きて寝て起きて寝て そのためだけに家は要ります,起き上がれ！頭のなかにパイロット起動音だけ口から漏れる,この世界 私ただひとり ダメなのと 思う朝まだ 終わらぬ気配
動物,愛用の図鑑の馬はどれもみな左を向きて立たされており,僕たちはプリンを食べる動物だ生きていないと死んでしまうよ,込み入った話のようね老い猫は膝のうえからゆっくり下りる,夢を見ない動物園のふくろうは月とふたりで叙事詩をつむぐ,雨の降る動物園で声にする「大人一枚」「絶滅危惧種」,昼寝する私をよそに伸びているキュウリがたぶん動物だろう,オオカミになった翌朝薄味のみそ汁でヒトに戻りゆくきみ,記憶には遠く小さいライオンと大きく見えた父の背中と,動物と静物しゃがむしかなくて花壇にしゃがむ私はどちら,たましいのかたちはひどく曖昧でたべっ子どうぶつの山羊を噛む,土砂降りにマンモスたちが目を覚ますグレーゾーンに煙る象徴,安定のどうぶつごっこで転がればどこまでいっても屈託がない,給油時はこころの波にかかわらずみんな頭をさげる動物,「動物を飼っています」は異動時の配慮事項に入りませんか？,たべっ子どうぶつじゃなくてたべられっ子どうぶつな気がするけど美味い,わたくしは水生の動物なればお湯に浸かって取りもどす息,にこにこのどうぶつたちをこなごなにくだいてたべるわたしが最強,ヒトがいる。動物園に。寝て起きて食べて時々静かに笑う,そよ風がはらりはらりと撫でていく動物図鑑のコアラのページ,動物的な、余りに動物的な僕ら  もう来ることのないバスを待つ,ペンギンは狼だった。動物が動物占いなんてするなよ,ミドリムシジュースを買って飲んでみたちょっと値段が張ると思った,噛み付いて歯形をつけて痕を舐め貴方はこれを依存と呼んだ,次々と摘まむたべっ子どうぶつで塾がスタートするさくら組,動くものかわゆし猫に駆け寄って揺れるビニール袋と気付く,「人間も動物なんだ」という君は私が愛でるネコも触れない,動物の一人としては愛し合うことも恐れず晒し合う夜,ウサギなら死ぬかもしれない孤独とう時間がヒトには薬でもある,動物になれればきっと簡単で そうじゃないから悩む距離感,猫と目を合わせないでよ  あなたの目、つられて透けてしまうのだから,ふるさとの保育所で知る人の優しさとたべっ子どうぶつの味,出来るなら理性脱ぎ捨て動物のようにあなたと全てを忘れる
両,この夏の予定について燦々とあなたが手話で咲かす向日葵,両断のグレープフルーツ香り立つ  あなたはもっと怒るべきです,両腕に抱えきれない思い出をこぼしてわたし道になるんだ,支えてととても言えずにひとまずは両手で吊革持ってみている,僕の名がきみのペン字で書き込まれ両日ともに参加できます,両隣りから本を読む音がする車内で閉じるスマホのパズル,朧月「わたし大人に見えますか？」両生類に問えばせせらぎ,両耳をきみにやさしくふさがれて未だに切れぬ春の黒髪,僕はもう両生類にはなれなくてきみがいないと息もできない,両耳に音を突っ込み眼を閉じる私が「Lemon」で満たされていく,ありふれたカレーを作る両親の愛を知らずに育った父へ,なで肩のビーチパラソルに隠れてはキスをしている両思い達,両脚で挟み込まれて笑いだす声が静かになるまで10秒,人生ではじめて格好いいなって思ったヒーロー『両津勘吉』,両の手で抱きよせながら祖母は言ふ「学校へ行け」叔父の名を呼び,二両目の一番端に座ってる花沢さんが何か物憂げ,雨の日は夜のにおいをさせながら二両編成がゆく海岸線,両親の結婚式を見にゆこう一般化したタイムマシンで,両腕をとられて向かふ二次会のカラオケに引く年齢格差,人工の体に替えてゆくとしていつも見ている両手は残す,不器用に呼吸をしてたいどこででも両生類のようになれたら,両側に外国人の話しをり歌詠みにくしアイアムオセロ,今日もまた抱っことせがむ吾子の身を両手で抱き上げ重さ確かめる,死ぬまでになってみたくて両思い 満月みたいな円さがあるの,思い切り私の両手を引っ張って抜けたカラダは食べてしまって,振り向けばひとすじの道両腕で抱き締めきれぬ日々どこまでも,たっぷりと雨の予感を両の手に遠き日の恋また掬う朝,ふたりとも両生類の仔になった 乾いた街の雨季を待つ部屋,追ふ父母に弁当だよと掴まれた両手にのこる古い憧憬,ポスターを貼りたいという候補者と支持者のための両面テープ,渓谷をトコトコ走る一両車うたの日ひらき短歌を捻る,千両の上向きの実を妬きつつも万両の実は下向きにつく,両国の駅で偶然すれ違う力士の髪はまだ髷結えず,席譲る人見かければ心浮き車両選びもおみくじのごと,彼を好き。失恋するのが怖いときでも両目を開けてみて来たんだから,黄昏に車両が凶器に変わるとき罪なき子らが道ずれとなる,僕らには枠組みにする骨がなくコウモリ飛んで両成敗の日
車,章ごとに目を閉じ祖父は各停の列車のように本を旅する,ガリバーの歩幅でまたぐ  いつまでも片付けられぬトミカの列を,洗車機のなかの車のなかにいて綺麗にならず煙草をふかす,雨の日の観覧車のてっぺんは世界と一番遠いとこにある,自転車で迎えに行くよ 持っていく本をリュックに詰めて待ってて,まだ発車せぬうち吊革にぎりしめ確かめており己の居場所,笑み浮かべ花と語らう祖母を乗せ車椅子押すあじさい通り,やんわりと拒絶してるのにドキャドガガあなたの恋は戦車のそれで,車窓から笹舟ひとつ追い越した 無法地帯の池と信号,「QQ車、タピオカ車みたいだし、お腹空くよね」(サイレンの音),車窓から一瞬見えた夕焼けでもう簡単にさみしくなれる,しあわせは身近にあって例えればブルーバードに乗る日曜日,とろとろと水車は水を送り込みハウス苺を香りで満たす,自転車が教えてくれる向かい風木の実がはたと唇を打つ,かぼちゃでも何でもいいから馬車に乗り舞踏会へと出かけてみたい,母の炊く車麩を煮た出し汁をご飯に掛けて啜るを好む,危の文字を黄色に消した暴走車  黄昏のなか国境越える,啄木鳥と車懸かりの言葉から川中島を思う猛者ども,サイドミラー猫背で歩くあの人にほんのり遅いブレーキを踏む,,お迎えの車が来るまであとわずか毛布にくるまり肩車する,痛車三台並んで轟かす 愛と忠誠心に感服,はつなつの裸足で歩く海へゆく白い帽子を車にのせて,泥をまきあげる4WDの平行線でおだやかな朝,車から腕を出したら怒られた頭をかいてテヘヘと笑う,小糠雨に濡れつつ迎えの車待つ消え入るかに消え入らぬ身を抱え,帰国して大車輪の働きをしてるつもりが空転してた,全地球の命預かる重圧がハンドル握る手にのしかかる,車窓から眺むる海の潮風にあの日の2人映し出されて
小,のど飴が小さくなっていく誰も呼ばない喉を満たす潤い,精米をじつと待ちゐる小雀に少しお米をこぼし行きたり,「ダメかもな」とても小さなその声にきみがほんとに壊れたと知る,「このニンジン、貴方の薬指みたい」 小口切りする音が止まない,小3で彼氏がいるという姪に恋愛指導を求める三十路,小数点以下として切り捨てられる数字のことを知らずに降る雨,,数枚の小銭がなくて万札に伸ばした指の動きがにぶい,一心に銀のボウルの水を飲む小さきものと暮らすさやけさ,小さいの小さいのって言いながら小さいほうがわからぬケーキ,「小人」と書かれるわが子か園内でドワーフにでもなるかと思う,小さい「っ」が二つあるのはどう読めばよいのかと問う父の子であるっっ,果てしなく小さな僕の器へとなみなみ空虚注がれあ、あふれ,旦那なら娘にカレが居ると知り小さな声で何か言ってる,,黒々とせし無防備な眼持て小女子一尾箸にささやく,旅先のみやげもの屋の小棚から我に「買って」と告げるフクロウ,花嫁が小洒落た雑貨に囲まれて暮らす夢だけ見てる初夏,赤い糸たぐってみたけど混線中ちぎってあなたの小指に結ぶの,週末に起こったことを大袈裟に話すあいつの小さな器,右 左 上 下、えっと右っぽいと曖昧に決まる1.5の視力です,,お姉ちゃん！駆け寄ってくる其の姿小さき頃の面影残す,すこしずつ小さくうすくなってゆくだれかの吐瀉物   明日も会える？,丸髷を調べ学んだ切掛は小山市観晃橋シミ事件,季節ごと小さな花を咲かせてる信金にいまきみの笑顔が
思,煮魚に箸入れる彼うつくしく崩れた白身にゆうべを思う,銃声としてピアッサーこの夏はあなたの思いどおりにならない,古本の太宰を買ってリビングは思惑どおり夕陽のかおり,思春期の素行は漂泊し続けるインターネットの海原の中,洋服が私のことを脱ぎ捨てて思い思いに横たわる部屋,ときどきは思い出させてほしいけど勝手に夢に出ないでほしい,タチアオイ真っ直ぐに咲き潔く思いの丈を打ち明ける夏,思惑は恋心とも言うらしい 机の下で膝くっつける,とれかけた釦みづから縫ひつけし思春期の子に夏は来にけり,バス釣りにやけに詳しいきみの過去思えばわれに生まれるほのお,はるかなる祈りであって欲しかった相思相愛という言葉は,書庫にある思いをひとつ取ってきてきみに手渡す  栞がいるね,「言っちゃダメ、思うだけなら良い」ということに気付いて少し自由だ,路地裏にじっと咲いてる紫陽花をさみしく思う雨降りの夜,この雨の終わりを思う 土砂降りの君の瞳に虹はかかるか,花びらを千切る 写真に触れてみる 両思いかな今日のゆびさき,あきらめることをあきらめ永遠にきみに片思いすることにした,花びらが集う校舎の吹き溜まり卒業生の思念を食べに,はなれてもどうせ大事に思うからいいや傘がなくてもわらう,思いやりダイバーシティへ進みゆく手のひら伝うやさしい雨だ,「ペンギンを思い浮かべてください」と医師からの指示。不埒なペンギン,菱の葉をながめておれば菱形とはいささか違うと思えてならず,思い出にいまだならない恋があり桜が散る頃ふと思い出す,道のりに意味はあったと思えれば悲しみに吹く黄金の風,思うほどおいしくなくて弟の皿から取ったイチゴを戻す,そのあたり父に似ていてまっしぐら思いとどまれあしたの私,死に顔を思う  貴方の温もりが幽かに残る白亜の部屋で,死にたいと思ってないけど一ページ一画ずつ書く死にたいの文字,変わらねば君と会話も出来ぬとぞ弥生の花を見つめて思う
風,晴天にすこし疲れた風もいて匿うように小窓を開ける,好きだったひとのすべてを風として胸から離す帆船の夏,風でしょう あなたの声が耳元で私の名前を呼んだところで,もういっそ風になりたいけどきっと木枯らしとかになるからやめる,かけっこは苦手だけれど風が吹くジャングルジムのてっぺんは好き,地下鉄のホームへ降りるとき出会う階段を駆け上がりくる風,勘違いしてしまいそう風の日の塀から薔薇が溢れ出してて,ファミレスでさえ冒険はできなくて和風ハンバーグを待っている,いい風が吹いてるけれどこのあとにもっといい風が吹きそうな気が,いたずらにプリントたちを躍らせて駆け抜けてゆくはつなつの風,40キロメートル地点で追い風が吹いたらそれはきみだったのです,間違へて読みたるひとの目の前のドリアにミラノの風が吹き過ぐ,カラカラと錆びた風見鶏ひとつ 誰にも見向きされないままで,海風を食ふのかお前  肺病みてじつと見る風力発電所,まはるたびカタカタと鳴る扇風機とこの夏もまだ暮らしてゐます,「見え透いた嘘はダメよ」と耳もとでささやく君のため息の風,この暑さ皆がぐったりしてるから風鈴つけて音で涼もう,強い風レインコートの手をひろげももんがになる、雨はやまない,健やかな風が吹いてる、そういえばもう使わなくなった裏アカ,このドアが閉まるたび吹く風の色さみしい音をきみは知らない,突然に電話をよこし飲み喰らい笑いじゃあなと去るつむじ風,軒先で忘れ去られた風鈴も令和の風に令和の音色,シャンプーの香りと君の匂いとが混ざり合う風 泣きそうになる,ニース風サラダを注文した後で「ニースて何？」とあなたとググる,あへの風吹きやむときの鈴の音の起きないきみを待つやはらかさ,花は薔薇  あさやけ色の花咲かすきせきの杖を風とよびます,ブランコで風をつくった子らも今 火が揺れつかぬたばこに舌打ち,風を斬り、駆け回っていたあの頃は、もう過去のもの。もう戻らない,空に雲、揺蕩う水面、人の恋  五月の風に揺れているんだ,昨日とは違う今日を生きてみた外ではふわりと風が吹いてた,僕は風を電気にはして欲しくない冷房止めるのでやめてくれますか,ピエトロのかぜのやいばの声真似が特技なのだがご存じないか,少しだけ開けた窓新しい風が今日の始まりを知らせてくれる,アメダスが予測している風速に旦那の風向き加をらんかな,チリンリリ  風鈴鳴って夏の香と君の帰りに気付く夕暮れ,なんとなくだけで生きてる毎日だ風にも味がある世の中だ,,追い風に背中を押されて駆け出した坂道止まれず叫ぶ日常,さみどりの風が吹く日は公園のすべり台のてっぺんで泣くべし,君が手を離してもどこへも行かないヘリウムのない風船になる,僕は僕、蟻は蟻として今を為す 蜜を飲み込むこの風を追う,風が吹き 君のスカートが揺れるとき 僕の心もふわりと躍る,線香のけむり  風鈴の音  春川の香り  空舞うたんぽぽわたげ,風が吹き流れに乗りて飛ぶ燕御馳走運ぶ巣で待つ仔らへ
冷,冷たいね、ぬくもりだけが愛じゃないことを教える真夏の麦茶,寒冷地仕様のきみはまだ知らぬ庭に蜜柑のなるといふこと,「冷蔵庫入っていたの？」と僕の手を微笑みながらあたためる人,冷凍の金魚が時を超えたこと応用できぬ愛の平熱,風向きを奪い合われてエアコンは声の大きい者から冷やす,ひとしきりスマホをいじって窓枠に触ればきちんと冷たい世界,セミロングが世界の端で揺れるので弱冷車から降りられずいる,冷たいと言われ続けていたひとの涙の熱に乱されている,二人だけ火傷している裸足でも歩ける夜の冷めた浜辺で,熱されたものが必ず冷めるならきみとの恋は常温がいい,「しゃっこい」と水を浴びてる子供らもいつかは雨に「冷たい」と泣く,冷蔵庫の中は夕暮れ それぞれのノスタルジーを入れてください,毎日は戦いでありもうぼくの冷蔵庫にはケチャップがない,,日光を避けて冷暗所で保管している期限のわからない恋,冷やすにも電気を使うベランダでひとり下弦の月を迎える,手のひらの冷たい君と繋ぐ手の中に卵が、さみしい卵が、,おばさんの姿が消えて駅前の冷やし中華は始まりません,冷やしてもほんとのことは言えなくて喉につたわすばかりの麦茶,誰のためのおべんとうかを察知した保冷剤からやわらかくなる,冷ややっこスプーンで食べる快晴の夜なら小さく暮らしてみたい,冷房もつけないままで混じり合うどちらのものかわからない汗,住民がスプライトだけの冷蔵庫夏の香りを閉じこめている,冷蔵庫だけが知ってる夜もある味噌漬けにした豆腐が二丁,六月の雨ひえびえと降るからにことばは玻璃のごとくするどし,冷たき雨ふり来て女上司との相合傘より出られずにおり,信号に逆らっていた思春期の気持ちが冷えていったサイレン,悪口を言ってしまった日の帰り月は冷たく僕を見下ろす,取り出したままの心があることを冷凍室を確かめて寝る,憂身には人より雨のすさまじさ凍れる月や疾く下すらむ,古傷と運命線を繋げても冷えた色した手首変わらず,弟の嫁を褒めたい冷房を16℃まで下げるあいつの,「つめたーい」キンと冷えた缶とりだしてシュッと開けたら夏休みの味,ひたひたと脚をひたせばこの海が熱のかたまりじんわり冷ます,冷静で淡々とした君 ときに熱き血潮を隠しきれない,数学の怪物相手に奮闘しシャーペン置いて網戸をちらり,扇風機がこっちを向いてテーブルに散らばる冷やっこのかつおぶし,冷凍庫アイスクリームの大人買い有れば有るだけ食べてしまうの,（冷やし中華始めません）でよく笑う少女が踊り場いま駆け上がる,冷房のフィルターのごと心にも埃をはらうガード欲しくて,しょうもないときに悪意を使おうと教室の冷房は20℃,サングラス、ハンチング帽、眼差しを褒めるのが癪冷奴と呼ぶ,味のしないキス 部屋にはひび割れたガラスのコップと冷めたお湯
虫,見上げれば虫に食はれたところから空に変はつてゐるさくらの葉,まっすぐに飛んで来るなよかげろうよ、おれが光じゃなくてごめんな,,幾重にも虫のこゑする裏庭に四面楚歌とはひとに在ること,行き場所を失いかけたテントウは助走をつけて高く飛び立つ,思い出は眩ゆいだけじゃないことを教えるように降る蝉時雨,長かりし病のあとの醒めた目で低く庭飛ぶ蝶を見つめる,駅裏の喫煙スペース 灰皿にテントウムシの飛び立つを見る,葬式の夜に飛んでる虫がいて誰かが「ばあちゃんだ」と言っていた,はんぶんに折った布団でみる夢の夜がつづいて夏虫は舞う,空っぽの虫かご下げた子にあげる爪で十字をつけた勲章,いくつかの罰の中から神様が我に与えし虫歯のＣ４,その虫は僕が祈ると消えるんだ僕は祈らないって決めたんだ,変幻する時期を逸して青虫のわれはいっぴき空を仰ぐよ,サボテンを這う芋虫がトゲトゲになりそうでいてきっとならない,私から奪った防虫スプレーで吹く踝の白い流線,虫の羽音がするよ虫の羽音が夢で殺した虫の羽音が,カマキリと戯れる子の目にうつる怯えるものの威嚇のポーズ,ハードルは平均台であるようなポーズで進む尺取り虫よ,虫を踏む行為を足で楽しんで いつしか命を脊髄で庇う,虫眼鏡当てて力士は番付の小さき四股名と故郷を思う,老猫がまだ若い頃空中にジャンプしながら食べていた蝿,虫に蜜とろりとろりと与えたら働くことをやめてしまおう,梅雨の日の電話のあとのぼくに棲むグレゴール・ザムザ  もう晴れますよ,名探偵虫眼鏡構え憧れを追うあの日の君捕まえたくて,おじゃま虫でもお料理は得意です掃除もやりますあなたが好きです,蝉しぐれたちまち止みぬ隣家からユウイチを呼ぶ「ユウイチ」のこゑ,バス停のベンチでヒラヒラ蝶々とじゃれてる子猫があなたを手まねく,,残像は灼きついている斑猫の走り去るなつ小さききみと,立た阻み這ふ虫を踏む一歳児、無邪気さゆゑの本能ですか,室内のパセリの鉢にも虫は居て我が物顔に丸々と肥え,君の目は全て見通す虫メガネ隠し切れない君への想ひ,虫だって必死で生きているんだよ それは免罪符にならないが,柔肌の幼虫食まれる心地にて「娘のくせに」と怒鳴る母見る,それにしてもなぜ梅の枝にアブラムシ？テントウムシに食べられながら,丸い窓葉っぱにあけて青虫は覗き見る月なにを願うか,「いい加減せんと怒るよ」いや既にあなたの腹の虫は覚醒してる,虫の息危篤の母に残されたわずかな時間見守る家族,紫陽花寺  蟻這う縁側  外れにて  地雨ながむる  本の虫
南,南風はらんで白きブラウスは帆船としてゆく丸の内,,レーズンとクリームチーズが恋をして甘酸っぱいね南瓜のサラダ,アンタレス南の空に輝けば記憶の中はどこまでも夏,なあここが南口かと丸刈りの中学生らがハチ公に問う,北枕はダメと言われて南へと足を向けずに「く」の字に眠る,飛行機は南に向かい一直線 ひと足お先に夏、はじめます,南指すはずの赤色ぐるぐると 私はどこへ向かえばいいの,南極は北極よりも寒いって嘘でしょ沖縄は暑いのに,謎の貝で腹を壊したことがあれば住民として認められるらしい,点線の止まない雨が綴りゆく南の小窓はさみしい便箋,始まりはいつも優しい冷え切った南極点にあなたは触れる,みなみって、名前を貰った私でも、太陽昇らぬ１日はある。,「お父さん鼻毛が出てる」と言われても浅倉南を愛しています,南から吹く風ばかり好いていて風鈴の鳴る水無月の朝,,南から雨のにおいをつれてきた風にめくられる心のページ,歳だけは重ねたけれど寛容になれず嫌いな浅倉南,少しだけ背中を押して欲しいとき 南風吹き現れたひと,霧雨の降りやまぬ夜はなお淋し南アルプスきみは遠くて,星を見て誓いませんか南国でサザンクロスに変わらぬ恋を,北極にペンギンはいないそれだけで愛されるのがわかる南極,夜なべ終え南風の吹く夜は浜に出であえるあてなき加那を待ちおり,南極でラーメン切れた絶望を観ながら食べるカップヌードル,南極の冷気届かぬ真夏日に絶滅しゆくしろくまアイス,ふる里の南に広ごる紺青の海ははろかに弧を描くなり,「南向きの部屋がいいね」話してた 僕らは結局別々に住む,瀕死の父載せて救急車南下せり翌朝の死知らぬ母もろともに,その角を曲がれば君が待つように南から風おでこを撫でる,元町の駅の近くの中華街南京町は案外しょぼい,友の住む南半球「今何時？」知ってるけどね時差一時間,
哲学,生きるとは愛とは知とは言葉とは 答えは出ない「追いだき」を押す,「このよにな、せいかいなんてないんやで」4歳になる息子が言った,誰ひとり好きになれない教室にいてごらんよと哲学が言う,図書室で後追いをして借りていくきみになるための哲学書,無理をして哲学用語噛んだままあなたに語る海の大きさ,サウナでは男たちはみな黙ってる みな哲学者の顔をしている,哲学も無力な夜だ言葉さえシーツで泳ぐ君に溺れて,原初的哲学のような断面よ女性名詞のいちじく熟す,歌ひとつ産むたび詠み手は死に、そして歌は自由に羽ばたいてゆく,お別れの桜さらさら目を覚まし蛍となりぬ哲学の道,押し花をつくるためにも哲学書と京極堂は捨てないでいる,水面を覗いたまんまでペンギンも水族館で哲学をする,Spotifyプレイリストを覗き見て上からなぞる 君の哲学,腕まくりしては戻して葉桜を見つめるふたり哲学の道,「ささやきの小径」へ呼び名を変えてみた あなたと歩く「哲学の道」,哲学のような話を繰り返すもう春なんて終わったのにな,鶏が先か卵が先かって悩んだ末に食む親子丼,短歌などあり得ないのだ短いと感じた者が名付けただけだ,ぼんやりとただ生きてない鎮座する猫の眉間の哲学的しわ,「おまえらに哲学なんか似合わねぇ 好きに生きろ」と倫理教師は,雨となる〈哲学の道〉に傘ひとつ互いの体の声を知りたり,哲学の道で出会ったねこたちは今でも思索をしてるだろうか,生きるとは  哲学的には言えねえが死なねえから生きるそれでいい,哲学を語ってそうな雰囲気でゆっくりめくるちいさな詩集,,人生の哲学と格好つけても分からない知りたいからこそ思考する日々,‪目を瞑りあなたは言葉を探してる真実を問う哲学者のよう‬
双子,スクランブルエッグが双子だったこと知らずに食べる男の寝癖,理解ってたぶん嘘だよ ふたご座のふたつの星もこんなに遠い,双子にはなれないけれどポテチとかパピコがあれば分けあう二人,ひさびさの双子の黄身よ恋人と別れた朝に出てくるなんて,同じ日に別のところでぼくたちは双子のような嘘をつくのだ,カンタレラふたりで飲んで目を閉じる ぼくら来世は双子がいいね,似てないと笑い合ってる二卵性姉妹が示す声の合同,すこしずつ似ていくことのさみしさよあなたの双子になれない日々に,共犯はかくもあまやか制服を入れ替へてゆく姉の学校,魂が双子みたいと思ってた離れていった磁石のように,現れた双子タマゴは微笑みで歓迎されてひとつにされる,双子でも向き合う空はそれぞれに大の字になり雲を眺める,双子座と乙女座だけが人間であとの残りはモノか動物,ふたご座のひとり娘がおとめ座のヤローと契るＴＤＲ,目が覚めて元通りにはならないしハンプティダンプティ目玉焼きにする,同じ本二冊並んだ本棚に訪れている初夏の夕暮れ,泣き顔でふたごが笑うわたくしの鏡よ鏡、嘘つかないで,双子座のラッキーカラーはブルーです空を見上げて過ごす一日,さみしさもさよならもきっときえていく  双子座流星群の終わりに,双子ではないし血縁ですらないデュボンとデュポンのような関係,地獄さえ分かち合いたいとこしえの果てでふたりふたご座になろう,きみたちはきっと双子になりたいと希望放って空へ召された,双子？って言われたこともあったんだ従姉妹ばっかりきれいだけれど,双子座のあなたと蟹座の私とはなぜか相入れるものがなくて,妹がバトンを落とし追い越して行ったのが姉  ふたり乙女座,同じ顔しているはずがなぜ僕はモテないんだろ？悲しいかたわれ,どちらかが兄だ姉だと騒ぐなか取り残されたひとりっこの僕,妖怪の双子のようなわたしたち宵闇の窓から外に出る,運命の一人ひとりの煌めきの同じものなき双子であれど,遺伝子は全く同じはずなのに何故にお前の方がでかいの？,天国になんて行かせてやらないわ 来世のあなたとわたしは双子
失,ひとつだけ失うならば声かなと言う母の泣き声を知らない,失敗の種類と深さに比例して通勤かばんの重さが変わる,みづいろの建物でせう  失つた恋を収めた博物館は,気持ちよく失敗をする星回り  コップの水はたっぷりと汲む,兄ほどの歳の知的な失業者と上野で会つて中野で別れた,変化する目指すべきもの失速の理由はカーブ以外にもある,絶好の失恋日和になるでしょう傘を忘れてお出かけください,抱きしめるものをなくした両手には食事の機能だけが残った,失言ののちの炎上思うことあれど静かに野次馬となる,失った夏はきれいだ海岸で君がこぼしていたジンライム,いのちより失えないと思うもの割と多めにある人生だ,失くしたと思ったマッキーのキャップが犬去りしのち小屋で見つかる,‪織姫は流れた星を見失い母子手帳からこぼれる涙‬,「すいません」「失礼します」言葉たち隙間を縫って君まで届け,完璧な失恋をしてみたかったまだ君のこと失えずいる,ゆふ闇に影がとけゆく蛙鳴く うしなふ君の面影を見ゆ,失政の一つとしてのお隣の犬の欲しがるいつものフード,腎臓をひとつ失いあらためて「五臓六腑」の意味たしかめる,兄が失くすなと大事に入れた鍵  ポケットをおそるおそる触る,永遠に来ない免許の失効日平成三十二年六月,失ったモノを嘆いて零したる涙は劇薬、命そのもの,失った記憶の分のむなしさに星を散らして降ってこい夜,あの日々を失くした理由探してるなぜか君にだけ鈍感な僕,冷たいね  あなたはまるで二年前失効していた会員カード,横にいて見ていたものは明日でも夢でもなくて失うこわさ,失ったはずの感情が手のひらをくすぐっているまだすきなんだ,最愛の伴侶亡くした友の肩窓辺の花が風に揺らいで,憂身はや失せなむ後も人な来そ恨みにかばね動かざらめや,少しだけ子どもの問いの不活化の夢だよさめたらあした会えます,わたくしがあなたに望む金の実を失楽園と呼ぶのでしょうか
煙草,守るべきひとを持たずに夜風からひと火を隠す僕の手のひら,二十本あった煙草が四本になって答えはたたかうだった,悪いやつらが誰も煙草を吸わなくて九時のドラマが複雑である,喫煙所一緒に行くの壮大な心中だよね 灰になろうね,タバコ屋と父が呼んでた文具店アイスも凧も売っていた店,ペンギンの副流煙でいつか死ぬそれより早く死ぬこともある,煙草一本吸えないでいる僕のこのフィクションみたいな透明性を,君がいたような気がして振り返る 煙る知らない人のマルボロ,吸殻が捨てられたまま燃えていてそれを煙草と呼んでやりたい,貧しさはここにも宿る インドでは一本ずつでも売られる煙草,換気扇煙草くゆらすキッチンの昨日と今日が吸い込まれゆき,ディズニーの映画のビデオ、愛、劣情、煙草、棄ててもいい場所がない,cigarette 遠くの街へ行くためのチケットとして胸に忍ばす,休憩のたびに喫煙する人がしりとりのとき、う攻めしてくる,穏やかな愛にあふれた毒だった   父の吐き出す煙の輪、輪、輪,時々は嘘を翼にするといい煙草の煙あっちが空だ,コンビニのバイトにキレるおっさんはタバコに腕が届かないのに,何本もショートホープを灰にしてきみが来るのを待った六月,どこよりも早く無人化済ませたるタバコ屋がきょう取り壊されぬ,｢おばちゃん｣と唯一呼べてた煙草屋のシャッター降りて何度目の夏,沈黙し向き合っている部屋の中「平和」という名のけむりはくひと,煙草吸う女じゃなくて良かったと吸いつつ言われて愛って何だ,火を吸えば小さな火の音響く夜 たばこはからだにわるいからだめ,わたくしが産まれてもなほ煙草さへやめなかつたと父さんの言ふ,吐く息でタバコごっこのできぬ朝  子はゆく冬を少しさびしむ,凛とした声でピアニッシモを乞う青年の目は微笑んでいる,マルボロの紫煙のように君の肺を毒で満たして消えてゆきたい,閨抜けた君がライター灯す音聞いてアラーム鳴るまでが夢,ケースへと並ぶ煙草の大きさは意外と違う文庫のように,薄いブルー タバコの煙に色あると知った季節に大人になった,彼の人の煙草が香る『歯車』を抱いて眠ろう 悪夢を見よう,忘れたいことだけ全て連れて行け夏の空へと吐き出す煙,ジメジメとジメジメとしてゐる窓よ刑事ドラマの煙草はいづこ,,空想の煙草吸う振り、吸い殻と一緒に憂いも捨てっちゃう振り,ひさかたの電子煙草の先端にピントを合わせているwebカメラ,最果ての冬の車窓にめざめれば遠くで煙草をふかす人あり,たばこ屋がコンビニになる傍らで今年も咲いた赤い紫陽花,MEVIUSは四八〇円  結局私は今も吸わないままだ,君が吸うたばこの名前何だっけ？セブンスターじゃないよね確か…。,梅雨の日に町中水でふやけてるアイスコーヒー煙草をつける,爺ちゃんがくれたタバコに菊の紋ありやや辛いピースの香り,ヤニくさいお爺の布団思い出す落ち延びて行く敗戦の日は,雨露に煙草の煙が溶けていく貴方の匂いも消えていく,人前で吸うことなどありませんよ逮捕されると誤解していて,苦い思い忘れぬようにと始めたが今では私の必要条件
ご飯,卵かけご飯を食べて噛みしめるあなたのいない自由なわたし,そのあとにあなたと食べた吉野家の朝定までもはじめてだった,突然のご飯の誘ひに愛はなくパセリのあをさを咀嚼してゐる,母じゃない人の作ったおにぎりもきれいな手だと信じて食べる,こんなにも弱い自分に泣けてくる  「ごはんですよ」の蓋が開かない,週一のしあはせだつた母さんのおやすみの日はみんなでごはん,やさしさを補うようにたまごかけご飯を食べる水曜の朝,「ご飯よー」の声にて走る台所 男三人 犬が一匹,約束を破った君に突き付ける炊き込みご飯みたいなごはん,ご飯党？パン党？僕は布団党 朝はぎりぎりまで寝ていたい,はらはらと零れてしまう その先のご飯も静かに冷たくなった,「ご飯よ」の声に集まる七人の家族のにぎはい思い出のなか,まっしろいままのご飯で食べたいと君のことばが響く田園,今日もまた世界が終わる顔をして夜ご飯食ふ高一の夏,「ご飯だよ」母さんの呼ぶ声がして米寿のせっちゃんおうちに帰る,シルバニアファミリーのご飯を仏壇に置いておくから永遠にして,あたたかきご飯のごとし吾子の身は抱きしめたとき心満たしゆく,よく行ったランチやディナーがおすすめのご飯屋さんが「独り」を刻むよ,飲み会を君を抜け出しオアシスへコンビニ飯は罪の味する,あたらしい朝に捧げるTKG  あふるるほどのぱわーください,雨音の響く食卓寂しくて向かいに座る記憶のあなた,じょうろをば持て余しちゃう水無月の紫陽花までもご飯に飽きぬ,ご飯には力があって飼い猫もみんなみんなが喜ぶご飯,盆暮れに囲む家族の朝ご飯「お汁スイスイ」孫に癒され,ご飯炊き俺の役目にされたのは小学校の五年生から,幼い日振り返っても『楽しい』の記憶が見えぬご飯の時間,思い出が白いご飯に描かれる忘れたいのに噛むほど甘く,太陽が地上に落下するけれどとりあえず今ごはんおいしい,昔はねご馳走だったと母の言うサトウのごはんにたまごをかけて,スペインで半年ぶりの白飯を涙流して食った思い出,晩ご飯何がいいかと聞かれても 食べたいものはポテトチップス,焼き肉も寿司もパスタも大盛りで食べれる気分、うまい棒食む
警察,パトカーだ！隠れろ！兄が言うままにしゃがむ無実の妹５歳,どんくさい泥棒になる  ケイドロのケイにあなたがいる時だけは,残業は逮捕容疑か職質の警察手帳じっと見つめる,字たらずと字あまりにやたら厳格な短歌警察「二句を捕らえろ！」,凄惨な現場を区切る規制線前の警察官に降る雨,ドロケイをケイドロと呼ぶ人がいて取るに足らない異文化ばかり,洋ドラのでぶの警官みならってドーナツの〇に肯定されろ,婦人とは呼べない方もいるのだし女子警官と呼べばいいのに,強面の警察官が真夜中に猫へにゃあんと職質してる,警察に追われているという夢想父母を愛せど夜爪を切る,5府県の警察の特徴語るよく職質をされる同僚,ロンシャンのバッグにバールが入ってる時ばかりおまわりと目が合う,,エゴイズムの星じゃなかった警官のもとへ失くした財布はあって,家の前お巡りさんが立っている誰かを連れて行くのだろうか,にゃあにゃあと道踏み外し耽溺中犬の警官迎えにきたの,警察に花を摘んだと叱られた野山のエビネが貴重種だった,あなたってまるで子供ねその顔でごめんで済めば警察はいらな・・・・,警察に被害届を出してみるきみに心を奪われました,「嫁が貰えなくなったらどうするんですか」老親は警察を呼ばない,笑顔なき世に罪多し犬ならぬ警察猫置き世に福招かん,マル暴の警察官と極道は一見すると区別がつかぬ,カツ丼も故郷の母も効き目なし浮気の現場も押さえられずに,警察も家族も見には来ないでしょ何してもいいここにいるから
野球,優しいのだろう中崎あんなにも恐い顔して投げる理由は,図書室のモネ全集も野球部も茜に染まりてゆく夕まぐれ,野球部の声を遠くに聞きながら死なないように手を握ってる,君のいる打席の楽譜を覚えたら夏すぐそこに走り出そうか,どちらかが勝つのでしょうね野球には興味がなくて月がきれいね,死球ってホントに死人が出るのかと母の言うのに惚れたり父は  ,初志貫徹！６０年の時を経て消える魔球を投げまくる夏,子が巣立ち音量下がるプロ野球居間にポツンと夫の背中,バッティングセンター跡地にめり込んだグリーンの床に夏のきらめき,サッカーも野球も興味がないもので天気の話ばかりしている,十人で野球をしてる集団のサードは多分レフトの娘,デイケアで馴染むためにも巨人捨て鯉に肩入れするじいちゃん,野球部の顔をしているウエハラがスライディングで今日も出勤,アウトでも帰っておいで待ってるよ ホームベースはおうちのかたち,外野手のエラーを願い見上げれば雲ひとつない空に白球,考える。野球にとってボールとは  春のさなかの河川敷にて。,ワシが監督やる方が勝てるわと阪神ファンのオトンがごちる,孫のことなればじーじは夢見がち ヒットひとつにメジャーを語る,サイレンは鳴りつづけてるきみからのストレート 今 芯に喰われて,子規とかが広めた頃の野球なら少しハードル低かったろう,蹴り上げる砂ぼこりには一球に込める投手の気持ちが滲む,グローブを着けない人の有無による短期勝率比較実験,ツーアウトツーストライクギリギリで放った打球行方目で追う,甲子園行くと絶対決めたのにレフトフライを見逃して夏,夜の雨ひとけもしないグランドに仕舞い忘れたボールがぽつん,「球団が神戸にあれば…」イチローの言葉の続きを気にするドーム,なんのためらいもなくクーラーつける頭を使って野球観戦,神々の野球をここに昼夜なき男女混合無差別級の
寂,図書館に沈殿していく静寂で呼吸が整う深海魚になる,寂しさがページをめくる願わくはハッピーエンドでありますように,静寂を過度に恐れるひとといてウィンカー音のペースが早い,縄跳びの縄は世界とぼくを分けさびしさだけの繭にしている,手のひらでカップアイスを温める  気持ちを上手く伝えられない,サイリウムあるだけ折って屋上にかつて遊園地だった記憶,,指切りをすべての指でしますからさみしくないでしょうお月さま,ことのはをつむぐは寂しあのひとのうしろすがたは遠ざかりゆく,待つものは朝の食器が独りぶん水に浸されシンクの底で,紛らわせかたがわからずコーヒーにガムシロップを死ぬほど入れる,張りつめた静寂を断つ みどりごの元気な声に遺影も笑う,静寂に耳を澄ませて眠るときカザフスタンの風が吹きます,そこに愛はあるんかと問うCMと問われたことのない寂しさと,寂しがりしがみついてる幼子を無理やりはがした初登園日,春遅く夏には早い藤花が世人に慣れぬ私の友達,君の古い思い出の中に住みたいだけの 寂しい二日目のカレー,早朝の駅のホームで寂しいと泣いているのか若葉にしずく,友達が愛と勇気だけだとは、寂しい奴だアンパン男,さかむけのひどい親指すべらせて会いたいだとか寂しいだとか,管弦のチューニング後の静寂は何にも変えがたいものであり,「ただいま」に静寂返す5畳半月の海から見ているうさぎ,寂しくてまぶた閉じても夕暮れの優しい光がそこにも届く,宜しければおひとつどうぞ、と差し出して自分で食らう茶番のパピコ,哀しみも苦しみもない部屋の中 寂しさだけが転がっていて,寂しさはバイクの陰に喜びはベランダのTシャツに隠した,,寂しいと言わないままに逝きし人私も言えないあなたの娘,下駄箱に鍵を残して君は去り寂しさこらえ寝返りを打つ,恋に効く薬がないのと同じ理由 病名「寂しさ」来た道を帰る,寂しさを刻んでこねて手を合わす 包む係の曲げない作法,寂しさの自慢大会に参加する人はたいてい寂しくない人,竹馬の仲の彼らはもういない私は故郷に一人寂しく,泣いてないメイク落とした家事もしたお風呂いれたしまだ大丈夫,「寂しい」と言えば目を伏せ苦笑い「猫でも飼う？」って もう来るなバカ,静寂が好きと言われて即座に「つきあってください」飲み込み咽せた,身動きもとれない電車緊密にひとりとひとりが集まっている,寂しさが突き刺さる朝 学校をサボってしまった 悪い子だから
肩,いつからか肩を無言で借りられる二人になったと気づく地下鉄,つめたいと言えず濃くなる肩のいろ子の持ちたがる傘の端から,境目はいつもあいまい恋人か分からぬ人の肩を見ている,母の日の肩たたき券使えずに手帳に挟み一人眺める,世界一高い場所だった 父の肩車に乗って触る天井,曇天が朝よりつづく月曜の一度はずしてしまひたき肩,肩たたき券が積立されているお墓に僕は花を手向ける,決断す生まれ変はらば白百合と肩に五キロの米をかつぎて,負けているチームに肩入れしたせいで父の秘蔵の酒が飲めない,三度目のお出かけで知る剥き出しのか細い肩の黒子を見てる,バスに乗り隣の君のうたた寝に肩を貸しつつ出雲へ向かう,‪教室で「ふつう」の子らは肩並べ「ふつう」を望む子は帰宅する‬,泣いてゐる、のかもしれない撫で肩を夕陽があはく縁どつてゐる,叩く肩叩かれる肩ひしめいて朝の電車は等しく揺れる,いつもより空に近付き手を伸ばし快哉叫ぶ肩車の子,なで肩のような心で手をのばしループとなりて地球を包む,泣き言を言わぬおまえの強がりは分かってるさ肩パンひとつ,めちやめちやにパンプした肩そびやかしジムから出てくマッチョ見習ひ,手の甲で汗拭く君の肩越しに産まれたばかりの積乱雲が,肩同士がふれて小指のさきまでが導火線へと変わる夏宵,抱き着いて肩に唇ついたから別れたのは夏だったのだろう,泣きながら挿し木をしているこの肩に鳥が止まれば好かれるだろうと,育休と五十肩とに挟まれて理由は告げぬ有給休暇,肩に乗せ「怖くない」って言うけれどそれテトちゃうでニシキヘビやで,おだやかな人柄の彼その肩にオオイヌノフグリが咲いていそうな,肩の出た服を校外学習に着てきた君の花嫁姿,右肩にオカメインコをとまらせてすっかり忘れた君の口癖,肩こりの悩みがあるが子供らの笑顔が見たく保育士続ける,母からの譲り受けたワンピース、肩パットついているけどなんか好きだな,まっさらな翼はきっと抉られて肩甲骨に走るケロイド,肩ごしに見た風景を貴方にも見せたくてきた、ここが生家だ,なで肩にシルクハットのシルエット夜道を歩く紳士にしっぽ,右肩にオカメインコの熱い重み僕ら無敵の海賊コンビ,その肩を梅雨入り前の牡丹雪がシミをつくった悪夢を見てる,目に見えて自信なればそれも佳き例えば君の肩過ぎし髪,チャンスなのにコンプレックス固まりていつも見ていた肩越しの君,太陽はてるてる坊主の肩を持ち開催される大運動会,どれだけの重荷がのしかかったって僕はなで肩 平気、平気さ
自殺,ぎりぎりを知りたい夏は授業中息をしばらく止めたりしてた,ゆつくりの自死と思へばわたくしの生活圏に吹くみなみかぜ,僕ひとり終わるのではない 一瞬で世界すべてを殺す手段だ,特急の風の誘いに口笛で答える  少しあともう少し,首筋にあてる安全剃刀の安全でない切っ先2ミリ,いくつもの自死の重なる部屋を持つアパートに住む美しい猫,君がもしオウンゴールを決めるなら僕はゴールを担いで逃げる,逆さまに皆立っていて死は救いではないような気がしてきたの,自殺する力なき身に呼吸器の止る停電待つ下心,飛び降りる人がときおりいるビルと友だちになる  星が近いね,自殺する前の献血 名も知らぬ何処かの君に残す遺伝子,夏空に身を投げている風船を見つけてしまう少年少女,あをぞらにすくひたかった人のゐて握れなかつた手のひらの厚み,今日もまた｢優しい良い子｣になりきって、痛いと叫ぶ｢私｣を殺す,ペンギンの飛び降り自殺。でもあの時、確かに飛んでた。一瞬だけど,夜を集めて傘も集めて熱海行き最終列車が目を閉じている,,青から赤  赤からまた青  真夜中も変はり続ける歩行者信号機,十五階から落ちてくる人を撮るスマホが照らす人々の顔,別れぎわ「死ぬなよ」と君は我に言う そんなに自殺しそうに見えた？,窓際で完全自殺マニュアルに恋人が貼る付箋はピンク,ゆるやかな自殺のつもりで食べている食後のアイスは喉に冷たい,もう誰もかなしませない    雨粒の投身自殺を受け止める傘,死にたいで検索結果に出た場所に電話がかかったためしがなくて,自殺するような軌道でゆくさきを横切る夏のつばめの翼,あかねぞら生きた証を刻みつつ死へ続いてく手首の線路,救済を迎え機能は停止です。見つけてくれる優しいな蠅,「一生のお願い」を唱えなおすたびインスタントに自殺→転生,屋上で予行練習ばかりする 自殺のゆうきもないままに夏,死ぬのならひとりで死ねという声よおまえの喉仏を見せてみろ,緩慢な自殺を選ぶ僕のため紫煙を抱いて肺胞は死す,日記帳読み返さずに捨てたなら去年の私が自殺していく,自殺した文字の棺を指先で丸めて愛すほんの数秒,幾度かの自殺から生還し得た細い右手が鉛筆を取る,「死にたい」に時間外など無いのです期待していたわけじゃないけど,残り二万飛んで三十五勝さへすれば来世も辞退できよう,右手にはあのアイドルが飛び降りたビルでみんなは井上を見る,よく言える『一人で死ね』と言う人が『自殺はダメ』だ？片腹痛い,どこにも行けない 大気に沈んでる僕を飛ばしてくれよヘリウム,嘘つきのパラドックスだメタの僕と尻尾の取り合い自殺は形式,今の蚊を飲んで刺される訳がないこれは鋭い自分と自分,「自殺」って強すぎるからそんな気もないから誰にも見つからないで,誰からも認められずにペンを置く 綻びた家にインク飛びつ,美しき探偵小説積み上げてしばらく死なぬ理由としやう,練炭は自殺するため革ベルトは自殺するためビルの屋上は,自殺した歌人のうたの流れきてTwitterにしばし花筏を見ゆ,いつもより低い声音でまっすぐに「独りで命絶つなよ」と彼,自殺するためではなかったがリスカだが叱ってくれた愛に震える,エモいとかヤバい、マジかよ、マジ卍。日本語が自殺していきます,『一か八』ケリつけたかった人魚姫 『然もありなん』と弾けた命,飛んでいる 抱えたものを吐き出して最期は身軽になるために,今日君がもしも死んでしまったなら明日を待てない僕は自殺する,どうしたの？ そんなに辛い？ 助けない？ 生きられないの？ 他殺だね,崖上る一本道の両脇に自殺防止のセーフティネット
楽,,山手の輪廻に身を投げ今日も行く混み合う極楽浄土新宿,短調の風吹き抜けぬデパートの仕掛け時計に眠る楽隊,楽しくてたまらないので酢こんぶの箱にテープをずっと巻いてる,楽をして生きるのがダメそんなことないさ青空、青色で塗る,痛きまで割れた硝子に散るひかり死に安楽があつてたまるか,暮れていく日曜の夜のメランコリ 円楽師匠の座布団はゼロ,さびしさと引き換えにした気楽さにうずもれてゆく汚れた食器,寂しくて居酒屋に行く 頑張って楽しい人の顔つきをする,泡盛を楽しんだあと砂浜で日の出を待って残す足あと,天使ってきっとこんな声で歌う音楽室の壁になりたい,「こんにちは」って何度も告げる三歳児「こんにちは」って音楽みたい,リコーダーやんちゃ坊主が振り回す すべての楽器は武器なのだなぁ,月一のお決まりのごとどんまいになつたとてなほ詠むこと楽し,ぷちぷちが楽しいと笑う子の横で静かに泳ぐサーモンの皿,楽しみは街を歩いてゆきゆきて美（は）しき女性にふと出会うとき                    ,真っ暗な楽園で目を閉じている  夢くらいひとりにしてほしい,,楽なことも楽しいことも罪深く今日も最低賃金で働く,楽しみはとって置きたい元カレの妻がお悔やみ欄に乗るまで,LINEにて楽天パンダは泣き濡れる  素直になれぬ我の代わりにに,Cook Doうま塩あんの肉そぼろ豆腐用のを買う  楽なので,「生きていることそのものが音楽だ」なんて語れば夜は尽きない,楽しさはどこから来るのなんて聞く幼子の目はとても艶やか,,楽しみは最後にとっておく方だショートケーキの苺大好き,仕方なく千秋楽に休出し「これより三役」までには帰る,公園のジャングルジムに群がりて子ら楽しげに笑ひ合ひたり,毎日しっぽが伸びるよ毎日さだってこんなに楽しいんだもの,楽しきも嘆きもよその奥山に入りて憂世を思はざらまし,友寄りて気楽に過ごすティータイム味が伝える重ねた日々を,呆けたる母の今後を話し合う楽しいかのよに笑っていよう,水に溶く楽しさプールの入浴剤こどもの笑顔が心温む,息を止め諦めてしまえば楽なのに明日も私は電車に乗るの,苦と楽を重ねかさねた人生に終止符打たれ人は旅立つ,楽をすることを楽しいことじゃない  いつかステージに光る背中,難しいことほど楽しんでやらないと心が折れる迷惑かける
話,お世話にはなってませんと微笑んで打ち返したいビジネスメール,カタバミは話し言葉のように咲くわたしの庭のなぐさめとして,うながせばどんな話になっただろう目線をはずし注ぎ足すビール,話すほどわたしのなかに水晶の光が積もるあなたとならば,「コロちゃんはだまって聞いてくれるのよ」唸っているし歯茎剥いてる,みどりごの意味なき声と会話する曾祖母の眼に映るかがやき,話せないままでもいいよ 車のない赤信号も止まるぼくたち,軌道から外れて遠い星になる知らぬ話題に変わったときは,お話はこれでおしまいお話の他はあなたに何もあげない,はじめての季節と会って何語かを確かめながら始まる会話,わたくしを訪ねるひとは誰も居ず大人の声で大人は話す,松茸の山とか狸の話とか幼き日々の昔語りよ,目を瞑り神話の湖底に沈みゆく明日の私を基礎づけるため,100グラム二千円するお茶らしい君の話は覚えていない,数IIなら忘れたけれど先生が教えてくれた手話は覚えてる,波風を恐れず本音を話し終え 「ごちそうさま」と静かに去る子,話したりさわったりして熱伝導みたいに伝われきみへの好意,扇風機回るディーゼル車の中で話尽きないバックパッカー,制服はとうの昔に脱ぎ捨てて夢に変わった進路の話,「靴紐がほどけてるよ」と告げくれし元カノとしばし会話する夜,イタリア語たしなむ我は街中のイタ語会話に聞き耳たてる,令和世にいりても悪しき話しのみニュースになって今日も殺人,もう話すことなどないと思うけど言葉が溢れ涙に変わる,活字にはいまだ息づく森が棲み眠くなるまで話をしよう,初夏の朝狂気に走りし者あれど話聞く者あれば事なき,憧れのひとを誘った喫茶店 秒針の音に主役奪われ,ハクセキレイ気まま尾を振りなに探す話し相手かわれでは無理か,別れ際話が終わらず立ち話 会話よ終わるな一緒にいたい,前提が増えていく度見えていく何処かで知った脳裏の青年,おはようと見上げる空に龍の雲人生はそうおとぎ話だ
首,太陽を見失なひたるひまはりのうつかり殺せさうな首すぢ,,首すじに虫除けスプレー擦り込んでもう好きじゃないきみに備える,エプロンをかける瞬間キッチンの光のつどうきみの首すじ,ロッカーのキーを手首に嵌めながら囚人のごとくサウナに坐せり,吊るされた男の白い首筋に正しく鎌を添える死神,逆子みたい首にネクタイ絞められて会社に孕まされた大人たち,趣味悪い彼女が選んだネクタイにわたしの香りを残して帰る,横で寝るあなたのいびきに寂しげな首長竜の溜め息を聞く,存在を確かめたくて足首をつかんですわる池袋駅,一首しか覚えてなくてこれやこの起死回生の蝉丸を待つ,首筋の血管触ればまだ僕は生きてていいと思うのだろうな,窓際でてるてる坊主首を吊る  きみは無邪気なアマテラスさま,首都圏のゲリラ豪雨は風に乗り報道されぬ夕立ちとなる,夏が来た 汗の滴る首元をラムネが通り夏がまた来た,答えから目を逸らしてる  恋人ができた噂の君の首元,唇に触れる脈動 香る肌 命が滲む首筋を食む,若見えのメイクをしても首すじのシワが努力を台無しにする,妻の口から『オリーブの首飾り』指から僕の浮気の証拠,ヨナカーンの頭の美しい断面  首切り役が次の王様,首かしげ「アチャー」と言うから土産物言い値を下げて際限がない,さらさらと首に流れる金くさり愛の証に背筋がのびる,「首周り覆いなさい」と言う母のスカーフは青、泳げそうです,秘め事は荒野のオアシス  月のなき夜はきりんの首筋を噛む,夜の蝶連れ込み閨で首斬られ走馬灯には短い春だ
公,公平に七等分にしたはずのいちばん薄いカステラを取る,ハチ公が思ったよりも小さくてかたかた世界の組み変わる音,禁止事項またひとつ増え陽炎の遊び場になる夏の公園,おおやけにできない二人  ほんとうは誰かに見つかったっていいのに,公転をしてるんだろう送らない恋文のために買う青インク,新しい公民館の新しいトイレに新しいおしっこを,幸せも涙も知って公園のベンチは雨に抱かれて眠る,公園がほしい頭の中にすむあなたがずっと遊べるような,給料日前の粗食も小公女セーラのように感謝して食む,公園の時計は空に掲げられ誰のものでもないわたしたち,また夢で会いましたねと言えなくて公文書館への道順をきく,‪郭公は見果てぬ夢をそっとおき静かな湖畔でかくれんぼする‬,新しい公園新しいパン屋わたしをおいて町は変はれり,「耳へんにハム心です」と言うきみの受話器を持つ手がよみがえる夏,公式の私は優等生ですが放課後、きみと非公式です,公園を滑走路として青空へ次々と飛ぶフリスビーたち,もう何処へ行くあてもない公園はやけに眩しい真昼の日差し,公園に夜がゆっくり降りてきて一人二人と増えるカオナシ,先輩と花冠の作り方 夏の公園 オレンジジュース,親知らず一本抜いて公園でソルティライチ一気飲みする,蒲公英の綿ぼうしなら知られずに花言葉となり運んでくれる,耳ざとく子供心に刻まれる「公団」「県住」響きの格差,ものさしが人それぞれで公正なルールも審判もいない世だ,公園の水場ではしゃぐ声近く聞こえて進まぬ別れ話,公務員、社員、行員つどい来る同窓会には無職もいます,記憶からどんぐり一つ転げ出る畑になった公園の前,未公開情報でした今朝までは 告白されたあんたの言葉,わからんか…『太公望』が令和っ子には『封神演技』の主人公とは,公園で語った夢を埋め直しギター片手に始まり鳴らす,公園で「大好きです」とまっすぐな恋を何度も画面へロード,ひさかたの天蓋の花公園でひぐらしと鳴く無人鞦韆,公園はちびっ子ギャングの王国でなくちゃいけないはずなんだ,公の場であんなことやこんなことしてるところを妄想してる
シーツ,ひんやりとしたシーツに身を投げ出してあなたのいない夜の大の字,夢でさへ会へないひとだ  六月の朝のひかりにシーツを剥がす,寝具よりひとつのドラマ引き剥がす  まひるの客室清掃員は,干したてのシーツは帆になり船になる風を孕んだ狭間で眠る,残り香に包まれて夜やわらかなシーツを未だ片せずにいる,真っ白なシーツで君をくるむからうんと幼くなれオフィーリア,今はまだ繋いだシーツで脱出をしたことがない未熟者です,じいちゃんのたましいみたい病院の屋上ゆれる純白のシーツ,百点のテストを捨てて真夜中のシーツにこぼすクッキーの屑,海よりも砂漠のほうが的確で生成りのシーツに渇いたふたり,ダブルベッドの君の余白が広過ぎてシーツの海で溺れる孤独,片言の風のことばでベランダに干したシーツが夏をつたえる,ときどきはわたしをおばけにしてくれるシーツに包まれ今日もおやすみ,今日もまたシーツの襞にひたひたと星を垂らして夜空をつくる,まっさらなシーツがくるんでいたころの息子を思うおだやかに昼,しまむらのシーツに替える母だけがスーツの俺におかえりと言う,僕たちを乗せて夜へと泳ぎだすシーツは夢の魚になって,「泳ぐもの」って刷り込まれてるいつからか何かの絵本を読んだときから,お日さまのようなあの子が雨色のシーツ纏って眠る六月,シーツ二枚重ねて座る夕暮れに永遠があって水が滴る,冷房にやられぬようにわが犬へ布団代わりのシーツをかける,泣き濡れてシーツに丸くくるまれば 鼓動が響く母の胎かも,,シーン①シーツには母  焼場まで冗談めいた劇中に我,洗いたてシーツをバサリと広げたら部屋中に初夏の色がはじける,春すぎて夏きたるらし きみの部屋 素肌にふれるリネンのシーツ,一昨日の涙の跡ももう消えた はためくシーツ 晴れて良かった,やっと晴れてシーツを洗ったそんな日に限っておねしょするのだ子供は,愛は夢  夢はシーツに干からびる  朝陽の下でそれは血痕,,舟だった宙へ漕ぎ出す真っ白のシーツブランコを父は操る,大人はね、誰にも知られないように涙で世界地図を描くのよ,どうしよう 結婚しようとしたひとがシーツにアイロン絶対派閥,君の脱け殻がもう冷たい時はだいたい毎回寝坊した時,真っ白のシーツを仄かに黒く染め 思い出すのはあの子の隣,朝が来てネクタイ締める寝ぼけ顔 皺にまみれたベッドのシーツ,くしゃくしゃに 絡まり絡め 転がる夜 君と僕とで 踊ろうや
来月の無茶題を考えてください,新しい7月6日の記念日を詠んでくださいサラダ以外で,ああ明日は雨のようです  織姫と彦星に何か一言どうぞ,なぜだれも止めなかつたの？  シュメール語で宇宙を詠めと云ふ無茶題を,断固拒否,明日からお前は象になるのだと言われて今夜どうすればいい？,1957年リヴァプール  ジョンとポールがみていた未来,眠れない夜に聞かせて淡くひかるむかしむかしではじまる歌を,初恋のひとの名前を初句に入れ筆名禁止・本名で詠め,恋人になってくれないあの人の部屋からひとつ盗むとしたら,あの月のうつくしさには頼らずに『アイ・ラブ・ユーを日本語にせよ』,アボカドの穴に入れたら最適な美味しい物を教えて欲しい,目の前に落下してきたUFOから出てきた母が言った一言,ねむれずに考えたけど結局は言わずにおいたあの日のことば,七夕を明日に控え乙姫が除毛したい部位を答えよ,明日の朝、世界中からいっこだけなくなるものがあります。なぁに？,もしきみが野菜嫌いな人ならばどんな記念日にしていただろう,ののさんの今日の夕食は何でしょう当たったひとに咲く薔薇の花,何味のモンプチが好き？真っ直ぐに聞いてくるから目を逸らせない,｢ホロニャポラ｣寝言で不意を突いてくる君の母国の風を知りたい,五月雨とあなたの嘘をゆるすため聴くメロディの終わりの二節,来月の６日のうたの日無茶題は「絶対ウケる一発ギャグ」です,辞世の句詠んでください結婚という人生の墓場を前に,"あなたなら""I love you""をどのように訳しますかと少女は問うて",夢なんかないと言ってたあの頃の僕じゃ思いつかなかった夢,思いつくかぎりの形容詞を僕に投げつけてくれ三十一文字で,,Hey Siri ちょっと無茶題考えて「私を弄ばないでください」,名前とか固有名詞を一つ入れそれに関するダジャレを詠んで,友人に恋人を寝取られました  こんな私に歌をください,「幽霊の少女は死体になれなくてネクロフィリアに失恋する」やつ,「あいしてよ」自分に言ってみましたか 例えば今日とかしてみませんか,「生活は続く」嫌いな誰かよりあなたの好きな歌詞を教えて,ゆきちゃんに戻れないかな少女A「ノンフィクションとしての初恋」,あの人の名前を知らないあの人が持っているのはバッグクロージャー,君のこと「なんとか」って呼んでいい？ 変なあだ名を付けたがる彼,橋,そのために創った君のオリキャラで梅雨時装置の説明をして,日常を短歌にしたらフィクションと言われるミーにお任せあれい,名は体を現すものでおばちゃんが窓にすべらすたばこのこばこ,「なにそれ」と君が右眉上げるのが見たくて無茶な詠題をふる,,,「来月の無茶題何に決めようか」「えっ？あっ、私、アイスコーヒー」,一年に一度しか会わない約束で指輪も時計も外す七夕,トマトはきたか 童よ泣くな かなうなか 泣くなよ童 敵はトマト,光っても光ってもまだたりなくてミラーボールと親父の頭,予知能力者だってバレるの癪だけど「ぜんぜん暑くない夏日」だよ,エアコンの未設置灼熱美術室夏休みまで無茶が続くか,リモコンの赤を押してもひるまずにNHKは気象情報
鹿,初めてのドライブなのに標識の鹿を数えてばかり五匹目,夕暮れの安芸の宮島オレンジに染まりゆくとき鹿の声聞く,,集合地書かれた紙は食べられて独り身の奈良何処でも行ける,誕生の子鹿はすぐに歩きだしお腹の夢のつづきを走る,かはいい子ばかり追ひかけまはしてる奈良公園の鹿がむかつく,鹿のよな瞳で我を見てる子にせんべいをまた追加であげる,鹿の子はみんなバンビで僕達はみんな等しく幸せなはず,ぬばたまの眼しづかに開きけむカレーに残る鹿肉のその,,憂き身にはたどる道だになき渡る鹿もながめに濡るゝこの世を,ハイヒール履きなさいとか馬鹿らしいエアリフトしか履かないひづめ,あまくものスクランブルを見下ろせば往き交う傘の鹿の子文様,灯を浴びて御魂のようにほの白く闇に浮きおり鹿の目ふたつ,遥かなり。鹿田が投げてはじまつた百余年もの球児らのゆめ,「鹿」の字で「馬鹿」とか浮かぶあたまにはシュークリームたっぷりの夢,この鹿は他人の鹿であの鹿も他人の鹿で手が届かない,「馬鹿だね」と優しく僕を撫でた君 もういないこと噛みしめ歩いた,鹿に会い鹿煎餅を振り回しそれでもあなたが忘れられない,「アメ横」とナビに話せば鹿児島の鹿屋市にある「アメ横」を知る,当意的タピオカミルクティー飲み干して鹿が笑うのをみたことはない,鹿せんべい みんなが食べさせてくるからぼくたちはもう飽きちゃったよ,鹿のいる森を歩いていきましょう夢で見る夢なのにあなたと,寸又峡女の叫び声に似た鹿の声聴き湯にのぼせる,学生の頃のプレゼントを今もしてくれるのね鹿の子のマフラー,,地下鉄でキスとかしてる馬鹿ップル注意したいが日本語通じず,サーカスは間も無く終わりとなりました最後は馬鹿が馬鹿をやります,徒競走 カモシカのよに駆けていく君の真白い太腿光る,鹿せんべい求める君のつぶらな眼やまぬ胸キュンもう一枚,鹿島へとああ鹿島へと鹿島へと神宮の鹿会いにドライブ
好きな指,中指でリズムを刻む癖があるきみは偉人の恋に詳しい,人差し指で人ゆびさしたら怒られた 難しいなぁ人と生きるの,針千本飲まなくていい約束をしようと思う小指からませ,さしだせば握ってくれる左手の小指がいちばん冷たくてすき,ふと指を舐める仕草がリンクしてポテチなんかで死にたくもなる,山車をひき一日駆けた地下足袋をぬぎていとしき脆き小指よ,目覚めたら『海辺のカフカ』読みかけで人差し指が栞だったよ,泣いてないこれは湧き水中指で口角上げるロッカールーム,ショパンでもジャズのリズムで弾きこなす自由自在な弟の指,どびきりの夏の一部になりたくてピースして待つシャッターの指,足のゆび親指中指くすり指くすり指そして小指みたいな,,誰よりも僕の気持ちがわかってるフリックをする右の親指,ネクタイをゆるめる君の指先にわかり始める「エモい」の真意,この人の中指の形思いつつカフェで向き合い頼む珈琲,カルティエを「もったいない」と拒否をしてキャベツを刻むきみの薬指,とんがりコーンぼくの指には小さくてきみの小指にはめたよ好きだ,明け方に人差し指から芽吹きだし部屋いっぱいに繁ったあなた,どの指も美しいから一つずつくちづけてゆくその指先に,薬指薬どこから出るのかな開く手のひらアメ玉三個,右手の薬指は約束とかに使えないとこ 猫みたいで好き,薬指 ほどよい強さと優しさで患部に薬と愛を塗り込む,薬指光っていたねあなたからシロツメクサの指輪貰って,看護師の採血をする白き指  チクッとしますと天使の美声,プルタブを力込め引く長い指優しく頬を私を辿る,一瞬で消えないでいて指先は線香花火 君に差し出す,間違って指がふれちゃうそのときを君の隣でずっと待ってる,「爪きれいだから似合うと思って」ともらったネイル得意げな指,初恋のフリをしている  薬指  大人になったつもりで触れる,昨夜の続き探しページ繰る母の指まくらからおさな児を連れ出すかに,雨続き外へ出ようと思えずに小指の爪が風切羽のよう
トンネル,会うことも会わないこともトンネルの向こうの駅に落ちてる答え,,開通を目指していないトンネルがこの胸にありたまに掘ってみる,トンネルを通った先も同じ世と誰一人とて証明できず,トンネルを抜けたら潮風舞い上がり君が手を振り夏が来ました,たましいに宿る暗さがトンネルと入る瞬間ふと同期する,君の手と出会いたいから掘ってゆく  潮の香のする砂山トンネル,正面の君は遠くてあと何個ドーナツの穴をくぐればいいの,トンネルを息止め走る夏の朝 昔わたしは魚であった,トンネルが長い  このまま異世界に入り千尋になるのだろうか,指先が触れて離れて絡みあう砂山の中、幼い指先,トンネルを抜ける瞬間いままでのかなしみぜんぶ解き放つかぜ,夏の野を出口にのぞむトンネルに乾ききらないたましいの影,「天城越え」歌い出したら酔ってます隠れ宿までねぇ連れてって,トンネルを抜けた光に眼が眩むイジメに耐えて四年目の春,朝一番居室が風のトンネルになるよう窓と入り口を開け,砂山にトンネル掘ってさよならの代わりに出会った手と手を繋ぐ,長く長く関越トンネルは続く僕らの会話はすぐに途切れる,トンネルを抜ける間の時間だけあなたの横顔じっとみつめる,トンネルを通りたい  ただそれだけで遠回りする通勤経路,トンネルの果てに竹林ざわめいて肌に触れゆくものは風だけ,トンネルはどこまで行けば光だろう山間の地で自転車を漕ぐ,真昼間のトンネル開通する刹那  電流の走りたる指先,旧吹上トンネルに来て何も出ず旧旧吹上トンネルに来て,今更に歩幅合わせる自信なく両手のアーチをくぐれずにいる,トンネルの暗き視界に目の慣れて壁の灯りに雫光れり,僕だけに知ってる光が届かないこのトンネルに入ってしまえば,隧道を抜ければ眩し春の陽に  煌めきて見ゆる雨氷の雑木々,まだ息を吸ってないのにトンネルは僕の頭を黒に沈める,息を止め窓に流れる橙色まだかまだかとトンネルの中,トンネルの需要のたびに滅びゆく土竜は常にそこじゃないから,「景色がママに変わった！｣と声にふと覗く車窓に映る微笑み,トンネルを抜けたらまるで別世界電車に飛び乗り現実逃避,トンネルに包まれているビートルは幼き思いこみ羽化を待つ
果,わたしたち不純物から出来ているいつも結果がちがう実験,いい夜だ両手いつぱい夏蜜柑かかへていかう海のない街,まだ硬い果実だからかあのひとはわたしを味わうとき歯を立てる,右頬を果物ナイフで撫でられたみたいだな  もっとちゃんとさわって,うそつきな君が笑った無果汁のぶどうジュースに染まった舌で,「また明日」繰り返しつつその果てに居座っているいつかの「さよなら」,果てのない寂しみばかりごまかしてタイムラインでちんぽと叫ぶ,もういいよクラスの準備僕がやる僕の時間を使い果たして,無花果をひとりで食めばくらやみになほ治らない傷を思ひぬ,逃げ出せど世界の果てはすぐそこで「もういいかい」と鬼に呼ばれる,桃を剥く背中にめまい隠せずに私も甘くなろうか今夜,「高校に行ったらバイトして、そして」君はトマトを摘果している,うつくしき紡錘形の果実とふ梶井の頃とかはらずに檸檬,あたしたち食べあうようなくちづけをして無花果の皮を剥ぎあう,くだものをむいておりますわたくしはあなたの新妻であるがゆえに,書き割りと駅の向こうの病院が世界の果てでコンビニはある,いつか齧った林檎のようなもぎたての電球ひとつ渡されている,ほんものの恋愛なんて知らなくてきみとわけあう無果汁飲料,無花果の香水を褒められたこと 耳をなぞりつデニッシュを食む,なさけなく果てた孤独を見透かしてこないでくれよセレブのうさぎ,水は揺れる雲のはたてを風わたるおれの心がへんになつてる,飲める色してないけれど丹念に下から撮って果実乗せたり,ぶつかって果実へならずあふれ出す夢への恵み次へとめぐる,果樹園にあかい風吹く あの人にどれほど愛されたろう林檎は,禁断の果実はひと口だけでいい歯形が告げる「もう戻らない」,無果汁のミックスジュースで語り合う「真理」とやらは消すなよ、少女,自転車で、駄菓子を買って校区外 ただそれだけで世界の果てへ,水面の二日の月のすき間から世界の果ての果てをのぞいた,最果ての街にようやく咲く桜花びらたちは海へ旅する,早朝の歩き慣れてる堤防にちょっと傷んだ果実の香り,最高の果報を聞きに旅に出る 夜行列車で君の街まで,新参の輸入果物見る気持ちで「R.元.」の文字を見ている,この果てに道のなき道行き惑ふ 枯れた川さへ行方はあれど,果物の存在感がタバコ屋の看板犬の後ろにはある,町中に果実は落ちて腐っててすぐに腐った町並になる,けだるいね、灼かれた肌を撫でながら真夏の果実を口ずさんでみる,‪安芸のそら疲れ果てたる君のかお海辺の鹿と話す子ひとり‬,「明日、雨？」『天気予報だと40%』「降水確率？」『え、いや果汁』,(放射能人工知能温暖化)未来永劫結果猿次第,君となら果てしなく続く道でも歩いていける そんな気がして,果てしなく続くうつせみ人の世に災いあれやと二次元より吐す,電車にて どこまで行くの 女の子 夢の先まで おやすみなさい,耳の血が埋めるイヤフォンだけ置いて『チェリー』を薄く流してみる夜
哀,手を洗う  金魚の墓を掘った手は死んでしまえばこんな冷たさ,みづみづしき桃と哀しみ飲みこんでゆふべのことを忘れてしまふ,いたい こわい やるせない とか鳴いてるのかもしれなくてワライカワセミ,叫ばなくてもゆで卵ひび割れてかなしいを哀しいと書く日々,哀しみのままでよかった封筒に美しすぎるあなたの笑顔,哀という字に100円を入れるんですハンカチーフを当ててください,かなしい、と二回唱えて生まれたる詩歌よ我は生きているのだ,哀愁を背中にまといパイシューを口に運んでバランスをとる,人生は思うようにはならざりき哀しくなりてペガサスを見る,哀しみはとうの昔に捨てました君の幸せ祈っています,かなしみを塗り込められた紫陽花が子どもたちへと丁寧に笑む,海苔巻きやバームクーヘン両端がおいしいんです喜怒哀楽も,ふうふうと吹けど飛ばない綿毛捨て踏みつける子の背に染む哀愁,哀愁の日本列島あめ模様かえる喜び空見て鳴いた,よぼよぼの犬とおじいちゃん哀愁が爆発しそうな角の公園,哀しくはなかったろうか（幸福がやさしくゆがむありさま）  まりあは,かなしみを水に溶かして揺らしたらいのちが生まれるってライフハック,,バカ息子 おれの額のまんなかに哀傷用のばんそこを貼る,悲しくて 夜通し泣いて 目が腫れて 涙も枯れて 今は哀しい,『この歌はきっとエレジーじゃないのよ。』イヤホンLよ、何を流した？
アウト,優しさを一杯テイクアウトしてオフィスに向かう月曜の朝,初めての模型飛行機手を離れコースアウトのない空をゆく,全力のスウィングが今空を切る一つの夏に手を振るように,デート中アウトカウント間違えた僕に鳴り出す夏のサイレン,いつだって引き返せると左手の指輪外して向かう一室,こんなにも別れの場所にふさわしいチェックアウトの朝のロビーは,ひたすらに声援を贈るブラバンに、その一言はまだ届かない。,それよりも強く歩ける靴がほしいアウトレットのワコールの前,ログアウトボタンはいつも隅っこにあるはずだから路地裏が好き,ストライクゾーンが広い人ですと紹介されて憮然としてる,本当は泣きたいくせに笑うから尻をシバかず抱きしめてやる,攻められる側にアウトが下されるドッジボールや外野手の凪ぐ,雨宿りしている君のかたわらをただ過ぎるだけ  さあツーアウト,あ、ログイン。あ、ログアウト。もう寝るの？明日7時の電車だもんね。,なぜ道があるかといえばたくさんのコースアウトに備えて、ですよ,夏を追え  春を送った窓辺からフレームアウトしていくぼくら,雨は降る渋谷のアウトロー達は群れていながら孤独に濡れる,至近距離かわした蝶のほほえみで僕を倒したアウトボクサー,吾のアウトラインが融けて恋なんてここにはないと知った七月,,ワンアウトランナー二塁で3番の打者を迎えた君はどうする？,仮初のアウトラインに身を置いて悟ったように迎える朝を,残酷にK.O.さるるシーンこそ我ら大衆求むるものぞ,スリーアウトチェンジ でヨウナシ パイの実とわたしと夜で乾杯するの,ゴジラ来て告げる天命めでたくもホワイトアウトする即位式,振り上げた右手は急に止まれないセーフで広げた両腕はグー,審判がアウトを告げたその瞬間三年間の全てが終わる,ぎりぎりのアウトコースを見送りし夜に聴きたる「きのこ帝国」,天高く上がった拳を皆が見て悲喜交々にグラウンド沸く,今日こそはアウトロー私モノクロのマフィアと酒を酌み交わします,アウトロにペンギンの声。笑っちゃった。バウリンガルで翻訳したら,スリーアウト満塁みたいな恋でしたきみのきれいなフォームのフォークで
呼,あなたではなくあのひとと呼ぶやうになつて今年もあぢさゐに雨,サイダーが静かに呼吸を止めていきあまくてぬるい液体になる,来る者も去る者もまた面接のビルの手前でする深呼吸,春の日の水族館をたゆたいて君の呼吸に見とれておりぬ,家族ではない少年がぎこちなく呼び捨ててゆく娘の名前,降る雨を麦雨とよべば雨傘のむこうに青い穂の海の見ゆ,呼ばれてることに気付かぬ152番の人のみそ汁冷める,なんとなく呼んだらきみが返事しておわらない真夜中の電話は,先生に指されぬように目をそらし忍者のような呼吸している,呼び出せば記憶の隅にちゃんといていつもの顔でこっちを見てる,呼び捨ての練習をする姿見の前で気になり直す前髪,よく喋る薄紅色の凹凸に見惚れてそれは恋と呼ばれる,呼び捨てにはじめてされた夏休みクラスメイトじゃなくなるわたし,呼び鈴の音が聞こえない ナプキンを借りた子の名が思い出せない,だれかだれかわたしを救えこんな夜も呼べる名前がないから だれか,歳月を呼び止めんとて言葉なく無心に水遣るベランダの花,呼ばれれば答えなくてはいけなくて壁に分厚く塗り込める白,それはわたしだけの呼びかた控え室の白いベールが弟を呼ぶ,,夜を呼ぶ五時のチャイムを聞きながら今日も夕日を受け取っている,長いこと呼んでいないと夫の名保護者欄にて気づいてみたり,息苦しきこの世なるかな産声を上げざりし我はひっぱたかれて,わたくしをあなたが呼ぶたび『エリーゼのために』流れるナースセンター,生き抜いて雲になる猫  もう一度私を呼んで鳴いておくれよ,深く深く息を呼び込み梅雨晴れの空と私を蓄えておく,無意識に呼吸をしてるきみ達が羨ましいな席替えの後,あなたから呼ばれる声でここに来てやっとわたしになれた夏の日,神様に呼ばれなかった僕達で地球という名の星を作ろう,,呼び声がグラスに映る気すらしてあの日のワイン眠らせたまま,花柄のスカート揺らす夜の風  あなたを伴侶と呼びたいのです,「ちょ、ちょっと、ちょっと待って下さい」と注射の前に深呼吸の吾子,呼び出しましたが（クレーム電話でも取る猛者が）近くにおりません,恋ベタで呼び捨てなんて出来ません未だにさんで呼んでおります,呼吸音聞こえるほどに近づいて少しもたれて満員電車,似合わないアイシャドウ塗るかなしみをガンジス河と呼びメイク直し,妻母の最期に呼ばれ頼まれた「娘の事をお願いします」,好きだとは言えないままに抱きしめて何度も君の名前を呼んだ,呼んでくれ。振り返り言うから、微笑んで「きつめのジョークって知ってたわよ」って,呼びかける看護師の声かわいくてだんだん麻酔が覚めると痛い,木漏れ日と一つになって降り注ぐ空から君が僕を呼ぶ声,そこに居たはずなのにお父さんと呼ぶ 虚しく消ゆる空気砲のよう,キスしても私の名前は呼ばないであなたの背中を見つめて眠る,週末に車出してと口実にあなたを一番呼びたかったの,白い街を眺めていたの何処かで烏が私を呼んだから
顔,この笑顔はまがい物だと知りながら丁寧に貼る証明写真,恋人がわたしのかおを撫でてゐてわたし陶磁のからだが欲しい,適量がわからないまま泡立てる洗顔料が過度に泡立つ,午前二時、廊下を旅する足音のゆふがほのごと夜に咲く祖母,不自然な笑みを鏡に向けてをりどうやったって笑えぬ朝に,やわらかな顔にふれてる今だけは私はあなたの輪郭をつかむ,休日のソファで寝顔を眺めてる扇風機の音が満ちてゆく,子の描く「おかあさんのかお」笑ってる その信頼をくずさぬように,あなたとはお別れですねこの顔は捨てて行こうと思っています,もうなにもあげるもの無いただ愛と勇気の残滓としてアンパン,とめどなく顔汗が出る私でも手を繋ごうとしてくれた人,餌強請る猫は顔を攻撃す  そうかお前も獣なのだな,ひまわりの迷路の奥から顔を出すどこか怪しい白黒の猫,世界中のFacebookにいいねするBOTを作る  孤独は消えない,枇杷の枝かぜにゆれ香るかおよせて葉のオール漕ぐ橙の実の,朝顔図屏風のように咲くフェンス無くなってからその良さを知る,振り返る光指す側陰の側どちらも君だと気付く夕暮れ,上司でも部下でもなくて顔をみて異変に気づく老倉庫番,顔色を一つも変えずにつぶやいたあんたなんかぶっ殺すわよって,レプリカントとしては欠陥かもしれぬわずかに浮かぶ苦痛の色は,知ってるよ顔面セーフのルールぐらい  知ってる上で当ててるんです,美容院チラシ配られ会話した人にまた会いまた場所を聞く,顔という顔を見てきた人をして見分け付かぬと言わせた姉妹,魔法とか信じていない手鏡は私の顔を正しく映す,母親の優しい顔を思い出し まだ生きねばとひとりつぶやく,顔なんてどうでもいいよ僕はただ人として君が大好きなんだ,顔面がセーフな人が大声で主張している顔面セーフ,元カノの顔を覚えていないんだ長い付き合いだった以外は,朝顔は窓のカーテン花咲かす実利をねらうゴーヤも植える,顔命日焼けはしないと胸誓い日焼け止め・傘必需品なり
他,イヤホンが私と君の動脈で他の全てはどうだっていい,・学校は楽しいですか。( はい・いいえ )    その他 ( めまいがするほどにがて ),きっともうたまたま街で出会っても他人のふりでやり過ごせない,全世界のその他の欄にチェック付け宇宙風吹く君のふともも,性別欄その他と書いて見直して とりあえず今日は一歩前進,いつもより他人行儀になってみる 社内恋愛はじめました,今はもう欠けると自分じゃないような気がする夫も最初は他人,他人事とかつて思いしうつ病を身近に思う日々の来たりぬ,,他者として不十分ではありますが鏡の中にしか問えぬこと,あなたとの出会いに心満たされてその他おおぜいでもいいぼくは,「その他」でまとめられても混ざらないひとりひとりの抱く感情,父と母、兄と妹、猫のララ、4Kテレビ。あとのそのほか,君じゃなきゃ意味がないんだタピオカを飲んだストロー噛みしめながら,雨音が強くなるのを聞いている  他人になんかもう戻らない,抱き合えど他人のままの0.02mm向こうのあなたが遠い,わたし他数１００名と旅立ちます次の風にてさらば、たんぽぽ,,手続きに行かないまでも試みに「他人」の箱に移動してみる,あなたしか考えられぬわたしとは あなたにとってその他大勢,君の愛と嘘でメッタ刺しにされて他殺死体と成り果てた僕,他言無用王様の耳はロバの耳噂は無責任から生ず,痛い痛い夏風邪ひいた節々が他ほっといて待ってて病院,｢～他｣なんて、略さないでよ。私はわたし。,口だけが動く他人を横目に走る何を与えられるか裸足の僕に,その他大勢になってもいいからさ きみを愛するひとにならせて
木,出しにゆく  花終え茂る葉桜と同じ色した離婚届を,どうすれば残せるだろう木炭できみを描きつつパンをかじった,木登りができる子供じゃなかったが 誰より遠くの終わりを見てた,陽光に色を変えゆく木々たちのように素直に死ねばよかった,精霊が樹海の木から木へ深いみどりをうつして夏にしていく,木星のマーブル模様が優しくて軽やかに行く夜の公園,さびしさのふたつ並んだ木下闇きみにいへない言葉が積もる,,吸い殻に捨てられた訳きくように寄りそっている熟れた梅の実,植物が好きな吾の名の秀の字に潜む木のあり隠し子のごと,純粋と無知は違うわ奇跡とか木工ボンドが透けたくらいで,ゆっくりと記憶の翅は舞い降りる木造校舎そして放課後,木枯らしがさらっていったスカーフが浮かんで落ちるまでを見ていた,ただ風に揺れる緑がさみしくて夏の桜を抱きしめてやる,「樫の木」と口にするたびここではないどこかの国の匂いがするよ,空はまだ遠いけどあのモミの木に届けと今日もブランコを漕ぐ,ハイネの詩をささやきさうな沙羅の木にあえかな花の咲きはじめたり,高校に入りし君に啄木の歌集に薔薇を添えて贈らん,禁断の木の実は何の果物か林檎は神の祝福である,旅人が踏みし宿場の賑やかな木曽路の軌跡そぞろ心地で,桃色の春を選んだはずなのに木蓮の白ばかり思い出す,,木漏れ日よどうかあちらへ行ってくれ木陰で休む彼女が起きる,木星が空にまたたく夕暮れの街に漂うシチューの匂い,この夏も虫がたくさんついたらしい僕が生まれた年に植えた木,蝉のいる大木のはずが届いてて三十路の俺は逃げられている,手をつなぎゆっくり歩く木漏れ日のやさしく揺れる影は近づく,「立って木の上から見てればいいのよね木から降りたらいけないね」と母,‪啄木鳥は早口言葉で愛告げた心に釘刺すその嘴で‬,人の上に人を作らず木の上に木を作らない人類われは,日清建工の向かいの大木に夜毎瞬く星の数の目,揺れる木でありたい 風や大雨に あなたの声に揺れてありたい,なんのその突然切れた豆の木に東京タワーは僕を突き刺す,ことことと木を登り行くヤマゲラの止まりし後の鼓の連打,足癖がわるいあなたは厳しくて真似するなよと蹴り折るたき木
竹,胡瓜など詰めて私は竹輪にも余白を赦さぬさびしきをんな,竹林見上げてみれば静かなる集中線の先に夏風,もと光る竹が無くってしかたなく母はわたしを産んだのでした,「竹でいい」照れる父にはうなずいて口をかくして松を頼みぬ,ひとり寝の寝返りばかり竹林にねむれねむれと降り止まぬ雨,竹を割ったような彼女のささくれがときどき僕にささっています,道場に清新の気は満ち満ちて振るう竹刀の空を切る音,まどろみに寄せては返す竹林のさざめきたるや山鳩のホ・ホー,かみさまの居場所を知っているんだな竹はけなげにまっすぐ伸びて,三十路越え孫の顔をも聞き飽きて  そろそろ月に帰らせてくれ,,誰よりも高いところに届かんと競い合う竹に囲まれ僕は,竹の花咲いているのに目を背けそれでもここに根を張り生きる,公園の竹やぶの奥深くから二足の靴を探し出した日,ししおどしみたいにこくりこくりしてそれでも抱いている缶ジュース,なよ竹をとりあふ熱もなよ竹の身ぬちの熱も昇華潜熱,雨音と隣家の竹の青色がわたしの庭に侵入してくる,担任の手になるちやちな竹光で斬られて声をあげ喜ぶ子,「竹垣に竹立てかけた」ぎこちないきみのタ行がいちばん好きよ,本当は薔薇より危険な夾竹桃 わたしのなかにも猛毒はある,じゃがいもに竹串を刺す あの人にとどめを刺した時の微笑で,竹とんぼ 君の自転車かごへ飛べ メガネも頬も夕方色で,ちょうどいい力で振れば竹串は揃って筒におさまってゆく,タンデムも出来ますよって竹馬が言うので君をおんぶしている,旬越えて安堵している竹の子で作るメンマの罪深き味,,真夜中に突然竹刀振る姉貴振られた男の名前を叫び,聡明な君の饒舌の中に「はたけの勢い」見つけて拾う,過ぐしかね起きふしも憂き世の中の竹のひともと雨に折れにけり,お金では買い戻せないと知ってても君に供える竹林の陰,,さわさわわ陳腐な表現しかできない私を笑う風と竹林,はつ夏の花咲く竹の群を見て地獄の花と呼ぶ人を知る,筍もすくすく育たぬことがあり節目を生きてくれたらいいんだ,悠久の竹林の道嵐山澄んだ空気にめぐり去る過去,猛暑日と呼ばれる日々の続いても夾竹桃の真白く咲けり
能,けふもまたおこられてゐるぼくのため万能ぢやない葱を買ひたり,生きるのも才能だろう覚えなき青痣ばかりの大人になって,夏の俺ちょっと神様ちょっといい西瓜をえらぶ能力がある,能面にすこうし罅の入りたる卒業の日の学年主任,段ボールまとめて縛る才能があるみたいだが、むしろ哀しい,猫を飼うオーロラを見るきみに会うまだ生きてるぜぜんぶ可能だ,青空を可能性だと教わった明日学び舎は取り壊される,きれいだと本能的に呟いた虹を見たきみ、きみを見たぼく,全能の正方形よ鶴となり僕の代わりに学校へ行け,煮豚とかスポンジだとか総務とか俺は炊飯機能しかない,目を伏せる速度に惹かれた うまく言えないけどこれはたぶん本能,二本だけ入れてたしかに辛いので能ある鷹の爪と認定,無能だと罵られてもあのひとは同じ角度で頭をさげる,自販機で缶ジュースを買い日が沈む能登の浜辺をふと思い出す,才能は水溶性で「てんさい」の涙と汗の濃さだけ見てる,不運にも有能な部下しかおらんやることなくて雲梯をする,その本は持っていきなよお別れは能のような足運びをする,能書きはひとまず横に置いといてビールを飲もうきみが好きです,誕生日おめでとうって言われてもおまえはただのおまけの機能,我々が恋人である可能性考えるのはやめて箸置く,自分には解読不能の字を作り解読されたら負けの競走,公園のちびっこたちが存分にその能力を解放している,才能があふれる人もない人もひとしく濡らす６月の雨,エアコンの加湿機能でこの部屋の君との空気をうるおしてくれ,能書きはよいから愛をただ貪るためのキスを始めましょうか,
